[{"titulo":"Resident Evil Village","capa":"https://cdn.cloudflare.steamstatic.com/steam/apps/1196590/header.jpg?t\u003d1687764412"},{"titulo":"The Last of Us Part I","capa":"https://cdn.cloudflare.steamstatic.com/steam/apps/1888930/header.jpg?t\u003d1686864554"},{"titulo":"Resident Evil Village","capa":"https://cdn.cloudflare.steamstatic.com/steam/apps/1196590/header.jpg?t\u003d1687764412"},{"titulo":"The Last of Us Part I","capa":"https://cdn.cloudflare.steamstatic.com/steam/apps/1888930/header.jpg?t\u003d1686864554"},{"titulo":"Assassin\u0027s Creed Valhalla","capa":"https://cdn.cloudflare.steamstatic.com/steam/apps/2208920/header.jpg?t\u003d1671135934"},{"titulo":"Cyberpunk 2077","capa":"https://cdn.cloudflare.steamstatic.com/steam/apps/1091500/header.jpg?t\u003d1687178759"},{"titulo":"God of War","capa":"https://cdn.cloudflare.steamstatic.com/steam/apps/1593500/header.jpg?t\u003d1650554420"},{"titulo":"Dandara","capa":"https://cdn.cloudflare.steamstatic.com/steam/apps/612390/header.jpg?t\u003d1674055293"},{"titulo":"The Elder Scrolls V: Skyrim","capa":"https://cdn.cloudflare.steamstatic.com/steam/apps/72850/header.jpg?t\u003d1647357402"},{"titulo":"Marvel\u0027s Spider-Man","capa":"https://cdn.cloudflare.steamstatic.com/steam/apps/1817070/header.jpg?t\u003d1673999865"}]